{"name":"itemMenu","identifier":"AY9NSIYY3B","description":null,"slotTypeValues":[{"sampleValue":{"value":"alambre vegetariano"},"synonyms":[{"value":"alambre vegetariano "}]},{"sampleValue":{"value":"alambre de bistec"},"synonyms":[{"value":"alambre bistec"}]},{"sampleValue":{"value":"alambre de pechuga"},"synonyms":[{"value":"alambre pechuga"}]},{"sampleValue":{"value":"alambre de costilla"},"synonyms":[{"value":"alambre costilla"}]},{"sampleValue":{"value":"alambre de arrachera"},"synonyms":[{"value":"alambre arrachera"}]},{"sampleValue":{"value":"costra de pastor"},"synonyms":[{"value":"costra pastor"}]},{"sampleValue":{"value":"costra de pechuga"},"synonyms":[{"value":"costra pechuga"}]},{"sampleValue":{"value":"costra de bistec"},"synonyms":[{"value":"costra bistec"}]},{"sampleValue":{"value":"volcan de pastor"},"synonyms":[{"value":"volcan pastor"}]},{"sampleValue":{"value":"volcan de pechuga"},"synonyms":[{"value":"volcan pechuga"}]},{"sampleValue":{"value":"volcan de bistec"},"synonyms":[{"value":"volcan bistec"}]}],"parentSlotTypeSignature":null,"valueSelectionSetting":{"regexFilter":null,"resolutionStrategy":"TOP_RESOLUTION"}}