{"name":"PedidoTacos","identifier":"2J0D9IEHRR","description":"Hace el pedido de tacos","parentIntentSignature":null,"sampleUtterances":[{"utterance":"Quiero hacer un pedido"},{"utterance":"Quiero pedir"},{"utterance":"Deseo pedir"},{"utterance":"Deseo una orden"},{"utterance":"Quiero pedir algo"},{"utterance":"Te puedo pedir algo?"},{"utterance":"Quiero comprar"},{"utterance":"Quisiera pedir"},{"utterance":"Quisiera comer"},{"utterance":"Quisiera tacos"},{"utterance":"Quisiera alambres"},{"utterance":"Quiero realizar una orden"},{"utterance":"Quisiera realizar una orden"},{"utterance":"Quiero hacer una orden"}],"intentConfirmationSetting":{"isActive":true,"declinationNextStep":{"dialogAction":{"type":"EndConversation","suppressNextMessage":null,"slotToElicit":null},"sessionAttributes":{},"intent":{"name":null,"slots":{}}},"declinationResponse":{"allowInterrupt":true,"messageGroupsList":[{"message":{"imageResponseCard":null,"ssmlMessage":null,"customPayload":null,"plainTextMessage":{"value":"Lo siento hubo un problema con tu pedido."}},"variations":null}]},"promptSpecification":{"allowInterrupt":true,"messageSelectionStrategy":"Random","promptAttemptsSpecification":{"Initial":{"allowInterrupt":true,"allowedInputTypes":{"allowAudioInput":true,"allowDTMFInput":true},"audioAndDTMFInputSpecification":{"dtmfSpecification":{"maxLength":513,"deletionCharacter":"*","endCharacter":"#","endTimeoutMs":5000},"startTimeoutMs":4000,"audioSpecification":{"maxLengthMs":15000,"endTimeoutMs":640}},"textInputSpecification":{"startTimeoutMs":30000}},"Retry4":{"allowInterrupt":true,"allowedInputTypes":{"allowAudioInput":true,"allowDTMFInput":true},"audioAndDTMFInputSpecification":{"dtmfSpecification":{"maxLength":513,"deletionCharacter":"*","endCharacter":"#","endTimeoutMs":5000},"startTimeoutMs":4000,"audioSpecification":{"maxLengthMs":15000,"endTimeoutMs":640}},"textInputSpecification":{"startTimeoutMs":30000}},"Retry1":{"allowInterrupt":true,"allowedInputTypes":{"allowAudioInput":true,"allowDTMFInput":true},"audioAndDTMFInputSpecification":{"dtmfSpecification":{"maxLength":513,"deletionCharacter":"*","endCharacter":"#","endTimeoutMs":5000},"startTimeoutMs":4000,"audioSpecification":{"maxLengthMs":15000,"endTimeoutMs":640}},"textInputSpecification":{"startTimeoutMs":30000}},"Retry3":{"allowInterrupt":true,"allowedInputTypes":{"allowAudioInput":true,"allowDTMFInput":true},"audioAndDTMFInputSpecification":{"dtmfSpecification":{"maxLength":513,"deletionCharacter":"*","endCharacter":"#","endTimeoutMs":5000},"startTimeoutMs":4000,"audioSpecification":{"maxLengthMs":15000,"endTimeoutMs":640}},"textInputSpecification":{"startTimeoutMs":30000}},"Retry2":{"allowInterrupt":true,"allowedInputTypes":{"allowAudioInput":true,"allowDTMFInput":true},"audioAndDTMFInputSpecification":{"dtmfSpecification":{"maxLength":513,"deletionCharacter":"*","endCharacter":"#","endTimeoutMs":5000},"startTimeoutMs":4000,"audioSpecification":{"maxLengthMs":15000,"endTimeoutMs":640}},"textInputSpecification":{"startTimeoutMs":30000}}},"messageGroupsList":[{"message":{"imageResponseCard":null,"ssmlMessage":null,"customPayload":null,"plainTextMessage":{"value":"Listo, el total de tu pedido sería: [total], puedo confirmar tu pedido?"}},"variations":null}],"maxRetries":4},"failureNextStep":{"dialogAction":{"type":"StartIntent","suppressNextMessage":null,"slotToElicit":null},"sessionAttributes":{},"intent":{"name":"FallbackIntent","slots":{}}},"elicitationCodeHook":{"invocationLabel":null,"enableCodeHookInvocation":true},"confirmationNextStep":{"dialogAction":{"type":"FulfillIntent","suppressNextMessage":null,"slotToElicit":null},"sessionAttributes":{},"intent":{"name":null,"slots":{}}}},"intentClosingSetting":null,"initialResponseSetting":{"codeHook":null,"conditional":null,"nextStep":{"dialogAction":{"type":"ElicitSlot","suppressNextMessage":null,"slotToElicit":"Menu"},"sessionAttributes":{"total":"0"},"intent":{"name":null,"slots":{}}},"initialResponse":{"allowInterrupt":true,"messageGroupsList":[{"message":{"imageResponseCard":null,"ssmlMessage":null,"customPayload":null,"plainTextMessage":{"value":"Hola, soy el chatbot de la Taquería los Socios"}},"variations":null}]}},"inputContexts":null,"outputContexts":null,"kendraConfiguration":null,"dialogCodeHook":{"enabled":true},"fulfillmentCodeHook":{"isActive":true,"fulfillmentUpdatesSpecification":null,"postFulfillmentStatusSpecification":{"timeoutResponse":null,"timeoutNextStep":{"dialogAction":{"type":"EndConversation","suppressNextMessage":null,"slotToElicit":null},"sessionAttributes":{},"intent":{"name":null,"slots":{}}},"failureResponse":{"allowInterrupt":true,"messageGroupsList":[{"message":{"imageResponseCard":null,"ssmlMessage":null,"customPayload":null,"plainTextMessage":{"value":"Hubo un error, por favor intente nuevamente."}},"variations":null}]},"failureNextStep":{"dialogAction":{"type":"EndConversation","suppressNextMessage":null,"slotToElicit":null},"sessionAttributes":{},"intent":{"name":null,"slots":{}}},"successNextStep":{"dialogAction":{"type":"EndConversation","suppressNextMessage":null,"slotToElicit":null},"sessionAttributes":{},"intent":{"name":null,"slots":{}}},"successResponse":{"allowInterrupt":true,"messageGroupsList":[{"message":{"imageResponseCard":null,"ssmlMessage":null,"customPayload":null,"plainTextMessage":{"value":"Gracias por su orden! "}},"variations":null}]}},"enabled":false},"slotPriorities":[{"priority":2,"slotName":"AlgoMas"},{"priority":1,"slotName":"Menu"}]}